Name,Position,Height,Weight,BMI
Adam_Donachie,Catcher,1.8796,81.64656,23.11037638875862
Paul_Bako,Catcher,1.8796,97.52228,27.604060686572797
Ramon_Hernandez,Catcher,1.8288,95.25431999999999,28.48080464679448
Kevin_Millar,First_Baseman,1.8288,95.25431999999999,28.48080464679448
Chris_Gomez,First_Baseman,1.8541999999999998,85.275296,24.803335176195596
Brian_Roberts,Second_Baseman,1.7526,79.83219199999999,25.990368636901945
Miguel_Tejada,Shortstop,1.7526,94.80072799999999,30.86356275632106
Melvin_Mora,Third_Baseman,1.8034,90.7184,27.894029206031043
Aubrey_Huff,Third_Baseman,1.9304,104.779752,28.11789134658602
Adam_Stern,Outfielder,1.8034,81.64656,25.104626285427933
Jeff_Fiorentino,Outfielder,1.8541999999999998,85.275296,24.803335176195596
Freddie_Bynum,Outfielder,1.8541999999999998,81.64656,23.74787410486812
Nick_Markakis,Outfielder,1.8796,83.91452,23.75233128844636
Brandon_Fahey,Outfielder,1.8796,72.57472,20.542556790007662
Corey_Patterson,Outfielder,1.7526,81.64656,26.58105883319517
Jay_Payton,Outfielder,1.778,83.91452,26.54444206847597
Erik_Bedard,Starting_Pitcher,1.8541999999999998,85.728888,24.93526781011153
Hayden_Penn,Starting_Pitcher,1.905,83.91452,23.123158424094626
Adam_Loewen,Starting_Pitcher,1.9811999999999999,99.336648,25.307710773212477
Daniel_Cabrera,Starting_Pitcher,2.0065999999999997,104.32616,25.91025018614691
Steve_Trachsel,Starting_Pitcher,1.9304,92.98636,24.95310703917807
Jaret_Wright,Starting_Pitcher,1.8796,104.32616,29.529925385636016
Kris_Benson,Starting_Pitcher,1.9304,88.45044,23.735882305559628
Scott_Williamson,Relief_Pitcher,1.8288,81.64656,24.41211826868098
John_Parrish,Relief_Pitcher,1.8034,87.089664,26.7782680377898
Danys_Baez,Relief_Pitcher,1.905,102.0582,28.122760245520492
Chad_Bradford,Relief_Pitcher,1.9558,92.079176,24.07202028099452
Jamie_Walker,Relief_Pitcher,1.8796,88.45044,25.03624108782184
Brian_Burres,Relief_Pitcher,1.8541999999999998,82.553744,24.011739372699992
Kurt_Birkins,Relief_Pitcher,1.8796,85.275296,24.137504228259004
James_Hoey,Relief_Pitcher,1.9811999999999999,90.7184,23.112064633070755
Sendy_Rleal,Relief_Pitcher,1.8541999999999998,81.64656,23.74787410486812
Chris_Ray,Relief_Pitcher,1.905,90.7184,24.998009107129327
Jeremy_Guthrie,Relief_Pitcher,1.8541999999999998,90.7184,26.386526783186806
A.J._Pierzynski,Catcher,1.905,111.13004,30.622561156233424
Toby_Hall,Catcher,1.905,108.86207999999999,29.99761092855519
Paul_Konerko,First_Baseman,1.8796,97.52228,27.604060686572797
Tadahito_Iguchi,Second_Baseman,1.7526,83.91452,27.319421578561702
Juan_Uribe,Shortstop,1.8034,79.3786,24.407275555277163
Alex_Cintron,Shortstop,1.8796,90.264808,25.549805007572033
Joe_Crede,Third_Baseman,1.8541999999999998,90.7184,26.386526783186806
Josh_Fields,Third_Baseman,1.8541999999999998,97.52228,28.365516291925815
Ryan_Sweeney,Outfielder,1.9304,90.7184,24.34449467236885
Brian_N._Anderson,Outfielder,1.8796,92.98636,26.32015088719732
Luis_Terrero,Outfielder,1.8796,93.439952,26.448541867134868
Pablo_Ozuna,Outfielder,1.778,84.368112,26.68792553911638
Scott_Podsednik,Outfielder,1.8288,85.275296,25.49710130284458
Jermaine_Dye,Outfielder,1.9558,99.79024,26.08790375280194
Darin_Erstad,Outfielder,1.8796,95.25431999999999,26.962105786885058
Rob_Mackowiak,Outfielder,1.778,88.45044,27.979276774880077
Charlie_Haeger,Starting_Pitcher,1.8541999999999998,90.7184,26.386526783186806
Heath_Phillips,Starting_Pitcher,1.905,90.7184,24.998009107129327
Gavin_Floyd,Starting_Pitcher,1.9304,96.161504,25.805164352710978
Jose_Contreras,Starting_Pitcher,1.9304,101.604608,27.26583403305311
Jon_Garland,Starting_Pitcher,1.9811999999999999,95.25431999999999,24.26766786472429
Javier_Vazquez,Starting_Pitcher,1.8796,92.98636,26.32015088719732
Mark_Buehrle,Starting_Pitcher,1.8796,99.79024,28.246015586260537
Mike_MacDougal,Relief_Pitcher,1.9304,88.45044,23.735882305559628
David_Aardsma,Relief_Pitcher,1.9558,90.7184,23.716276138910857
Andrew_Sisco,Relief_Pitcher,2.0574,117.93392,27.86129272913934
Matt_Thornton,Relief_Pitcher,1.9811999999999999,103.418976,26.34775368170066
Bobby_Jenks,Relief_Pitcher,1.905,122.46984,33.74731229462459
Boone_Logan,Relief_Pitcher,1.9558,90.7184,23.716276138910857
Sean_Tracey,Relief_Pitcher,1.905,95.25431999999999,26.24790956248579
Nick_Masset,Relief_Pitcher,1.9304,86.18248,23.127269938750405
Jose_Molina,Catcher,1.8796,99.79024,28.246015586260537
Jeff_Mathis,Catcher,1.8288,81.64656,24.41211826868098
Mike_Napoli,Catcher,1.8288,92.98636,27.802690250442232
Casey_Kotchman,First_Baseman,1.905,95.25431999999999,26.24790956248579
Kendry_Morales,First_Baseman,1.8541999999999998,99.79024,29.025179461505484
Shea_Hillenbrand,First_Baseman,1.8541999999999998,95.707912,27.837785756262075
Robb_Quinlan,First_Baseman,1.8541999999999998,90.7184,26.386526783186806
Howie_Kendrick,First_Baseman,1.778,81.64656,25.827024715273918
Orlando_Cabrera,Shortstop,1.778,86.18248,27.261859421678025
Erick_Aybar,Shortstop,1.778,77.11064,24.392190008869814
Dallas_McPherson,Third_Baseman,1.9304,104.32616,27.996168873224175
Maicer_Izturis,Third_Baseman,1.7271999999999998,70.30676,23.56740829398614
Reggie_Willits,Outfielder,1.8034,83.91452,25.80197701557871
Tommy_Murphy,Outfielder,1.8288,83.91452,25.09023266503323
Terry_Evans,Outfielder,1.905,90.7184,24.998009107129327
Gary_Matthews_Jr.,Outfielder,1.905,102.0582,28.122760245520492
Garret_Anderson,Outfielder,1.905,102.0582,28.122760245520492
Vladimir_Guerrero,Outfielder,1.905,99.79024,27.49781001784226
Chone_Figgins,Outfielder,1.7271999999999998,72.57472,24.327647271211504
Juan_Rivera,Outfielder,1.8796,92.98636,26.32015088719732
John_Lackey,Starting_Pitcher,1.9811999999999999,106.59412,27.15667594385814
Bartolo_Colon,Starting_Pitcher,1.8034,113.398,34.8675365075388
Kelvim_Escobar,Starting_Pitcher,1.8541999999999998,95.25431999999999,27.70585312234614
Dustin_Moseley,Starting_Pitcher,1.9304,86.18248,23.127269938750405
Ervin_Santana,Starting_Pitcher,1.8796,72.57472,20.542556790007662
Joe_Saunders,Starting_Pitcher,1.8796,90.7184,25.67819598750958
Jered_Weaver,Starting_Pitcher,2.0065999999999997,92.98636,23.093918644174423
Chris_Resop,Relief_Pitcher,1.905,100.697424,27.747790108913552
Phil_Seibel,Relief_Pitcher,1.8541999999999998,88.45044,25.726863613607133
Justin_Speier,Relief_Pitcher,1.9304,92.98636,24.95310703917807
Darren_Oliver,Relief_Pitcher,1.8796,99.79024,28.246015586260537
Hector_Carrasco,Relief_Pitcher,1.8796,99.79024,28.246015586260537
Scot_Shields,Relief_Pitcher,1.8541999999999998,77.11064,22.428547765708785
Francisco_Rodriguez,Relief_Pitcher,1.8288,83.91452,25.09023266503323
Greg_Jones,Relief_Pitcher,1.8796,88.45044,25.03624108782184
Doug_Mirabelli,Catcher,1.8541999999999998,99.79024,29.025179461505484
Jason_Varitek,Catcher,1.8796,104.32616,29.529925385636016
George_Kottaras,Catcher,1.8288,81.64656,24.41211826868098
Kevin_Youkilis,First_Baseman,1.8541999999999998,99.79024,29.025179461505484
Dustin_Pedroia,Second_Baseman,1.7526,81.64656,26.58105883319517
Alex_Cora,Shortstop,1.8288,81.64656,24.41211826868098
Julio_Lugo,Shortstop,1.8541999999999998,77.11064,22.428547765708785
Mike_Lowell,Third_Baseman,1.905,95.25431999999999,26.24790956248579
Wily_Mo_Pe?a,Outfielder,1.905,97.52228,26.872859790164025
J.D._Drew,Outfielder,1.8541999999999998,90.7184,26.386526783186806
Manny_Ramirez,Outfielder,1.8288,96.615096,28.887673284605828
Brandon_Moss,Outfielder,1.8288,81.64656,24.41211826868098
David_Murphy,Outfielder,1.9304,87.089664,23.370714885474094
Eric_Hinske,Outfielder,1.8796,106.59412,30.171880285323756
Coco_Crisp,Outfielder,1.8288,83.91452,25.09023266503323
Curt_Schilling,Starting_Pitcher,1.9558,106.59412,27.866624463220255
Tim_Wakefield,Starting_Pitcher,1.8796,95.25431999999999,26.962105786885058
Josh_Beckett,Starting_Pitcher,1.9558,100.697424,26.325066514191047
Matt_Clement,Starting_Pitcher,1.905,95.25431999999999,26.24790956248579
Jonathan_Papelbon,Starting_Pitcher,1.9304,104.32616,27.996168873224175
Kyle_Snyder,Starting_Pitcher,2.032,99.79024,24.16799708599417
Devern_Hansack,Starting_Pitcher,1.8796,81.64656,23.11037638875862
Jon_Lester,Starting_Pitcher,1.8796,86.18248,24.3942861881341
Kason_Gabbard,Starting_Pitcher,1.905,90.7184,24.998009107129327
Craig_Hansen,Relief_Pitcher,1.9811999999999999,95.25431999999999,24.26766786472429
Hideki_Okajima,Relief_Pitcher,1.8541999999999998,87.996848,25.5949309796912
Craig_Breslow,Relief_Pitcher,1.8541999999999998,81.64656,23.74787410486812
Manny_Delcarmen,Relief_Pitcher,1.8796,86.18248,24.3942861881341
Brendan_Donnelly,Relief_Pitcher,1.905,108.86207999999999,29.99761092855519
Javier_Lopez,Relief_Pitcher,1.9304,90.7184,24.34449467236885
J.C._Romero,Relief_Pitcher,1.8034,89.811216,27.61508891397073
Joel_Pineiro,Relief_Pitcher,1.8541999999999998,90.7184,26.386526783186806
Julian_Tavarez,Relief_Pitcher,1.8796,88.45044,25.03624108782184
Mike_Timlin,Relief_Pitcher,1.9304,95.25431999999999,25.561719405987287
Nick_DeBarr,Relief_Pitcher,1.9304,99.79024,26.77894413960573
Victor_Martinez,Catcher,1.8796,86.18248,24.3942861881341
Kelly_Shoppach,Catcher,1.8541999999999998,95.25431999999999,27.70585312234614
Ryan_Garko,First_Baseman,1.8796,102.0582,28.887970485948276
Joe_Inglett,Second_Baseman,1.778,81.64656,25.827024715273918
Josh_Barfield,Second_Baseman,1.8288,83.91452,25.09023266503323
Hector_Luna,Second_Baseman,1.8541999999999998,77.11064,22.428547765708785
Jhonny_Peralta,Shortstop,1.8541999999999998,83.91452,24.407537274447794
Andy_Marte,Third_Baseman,1.8541999999999998,83.91452,24.407537274447794
Ben_Francisco,Outfielder,1.8541999999999998,81.64656,23.74787410486812
Shin-Soo_Choo,Outfielder,1.8034,80.739376,24.825685993367625
Franklin_Gutierrez,Outfielder,1.8796,79.3786,22.468421489070884
Grady_Sizemore,Outfielder,1.8796,90.7184,25.67819598750958
Jason_Michaels,Outfielder,1.8288,92.532768,27.667067371171782
Trot_Nixon,Outfielder,1.8796,95.707912,27.090496766822604
David_Dellucci,Outfielder,1.8034,86.18248,26.499327745729488
Casey_Blake,Outfielder,1.8796,95.25431999999999,26.962105786885058
Paul_Byrd,Starting_Pitcher,1.8541999999999998,86.18248,25.067200444027463
Cliff_Lee,Starting_Pitcher,1.905,86.18248,23.74810865177286
Jake_Westbrook,Starting_Pitcher,1.905,83.91452,23.123158424094626
C.C._Sabathia,Starting_Pitcher,2.0065999999999997,131.54167999999999,32.66944588688089
Jeremy_Sowers,Starting_Pitcher,1.8541999999999998,79.3786,23.088210935288455
Rafael_Perez,Relief_Pitcher,1.905,83.91452,23.123158424094626
Brian_Slocum,Relief_Pitcher,1.9304,90.7184,24.34449467236885
Edward_Mujica,Relief_Pitcher,1.8796,99.79024,28.246015586260537
Fernando_Cabrera,Relief_Pitcher,1.9304,77.11064,20.69282047151352
Tom_Mastny,Relief_Pitcher,1.9811999999999999,99.79024,25.42327109637783
Juan_Lara,Relief_Pitcher,1.8796,86.18248,24.3942861881341
Fausto_Carmona,Relief_Pitcher,1.9304,99.79024,26.77894413960573
Aaron_Fultz,Relief_Pitcher,1.8288,92.98636,27.802690250442232
Rafael_Betancourt,Relief_Pitcher,1.8796,90.7184,25.67819598750958
Roberto_Hernandez,Relief_Pitcher,1.9304,113.398,30.43061834046106
Joe_Borowski,Relief_Pitcher,1.8796,102.0582,28.887970485948276
Matt_Miller,Relief_Pitcher,1.905,97.52228,26.872859790164025
Jason_Davis,Relief_Pitcher,1.9811999999999999,95.25431999999999,24.26766786472429
Mike_Piazza,Catcher,1.905,97.52228,26.872859790164025
Jason_Kendall,Catcher,1.8288,88.45044,26.44646145773773
Adam_Melhuse,Catcher,1.8796,90.7184,25.67819598750958
Nick_Swisher,First_Baseman,1.8288,87.996848,26.31083857846728
Dan_Johnson,First_Baseman,1.8796,99.79024,28.246015586260537
Donald_Murphy,Second_Baseman,1.778,81.64656,25.827024715273918
Mark_Ellis,Second_Baseman,1.8034,81.64656,25.104626285427933
Marco_Scutaro,Shortstop,1.778,77.11064,24.392190008869814
Bobby_Crosby,Shortstop,1.905,88.45044,24.373058879451094
Mark_Kiger,Shortstop,1.8034,81.64656,25.104626285427933
Antonio_Perez,Third_Baseman,1.8034,77.11064,23.709924825126386
Eric_Chavez,Third_Baseman,1.8541999999999998,93.439952,27.17812258668241
Milton_Bradley,Outfielder,1.8288,92.98636,27.802690250442232
Shannon_Stewart,Outfielder,1.8034,90.7184,27.894029206031043
Bobby_Kielty,Outfielder,1.8541999999999998,102.0582,29.684842631085154
Mark_Kotsay,Outfielder,1.8288,91.171992,27.260198733360433
Ryan_Goleski,Outfielder,1.905,102.0582,28.122760245520492
Jason_Windsor,Starting_Pitcher,1.8796,105.686936,29.91509832544866
David_Shafer,Starting_Pitcher,1.8796,81.64656,23.11037638875862
Joe_Blanton,Starting_Pitcher,1.905,102.0582,28.122760245520492
Brad_Halsey,Starting_Pitcher,1.8541999999999998,81.64656,23.74787410486812
Dan_Haren,Starting_Pitcher,1.9558,99.79024,26.08790375280194
Rich_Harden,Starting_Pitcher,1.8541999999999998,81.64656,23.74787410486812
Joe_Kennedy,Starting_Pitcher,1.9304,107.501304,28.848226186757085
Esteban_Loaiza,Starting_Pitcher,1.905,97.52228,26.872859790164025
Alan_Embree,Relief_Pitcher,1.8796,86.18248,24.3942861881341
Jay_Witasick,Relief_Pitcher,1.9304,106.59412,28.604781240033397
Justin_Duchscherer,Relief_Pitcher,1.905,86.18248,23.74810865177286
Kiko_Calero,Relief_Pitcher,1.8541999999999998,81.64656,23.74787410486812
Chad_Gaudin,Relief_Pitcher,1.8034,74.84268,23.01257409497561
Lenny_DiNardo,Relief_Pitcher,1.9304,88.45044,23.735882305559628
Scott_Dunn,Relief_Pitcher,1.905,90.7184,24.998009107129327
Huston_Street,Relief_Pitcher,1.8288,86.18248,25.76834706138548
Ron_Flores,Relief_Pitcher,1.8034,86.18248,26.499327745729488
Jay_Marshall,Relief_Pitcher,1.9558,83.91452,21.93755542849254
Marcus_McBeth,Relief_Pitcher,1.8541999999999998,83.91452,24.407537274447794
Jorge_Posada,Catcher,1.8796,92.98636,26.32015088719732
Wil_Nieves,Catcher,1.8034,86.18248,26.499327745729488
Andy_Phillips,First_Baseman,1.8288,92.98636,27.802690250442232
Doug_Mientkiewicz,First_Baseman,1.8796,93.439952,26.448541867134868
Josh_Phelps,First_Baseman,1.905,99.79024,27.49781001784226
Miguel_Cairo,Second_Baseman,1.8541999999999998,94.347136,27.441987854514277
Robinson_Cano,Second_Baseman,1.8288,77.11064,23.055889475976485
Derek_Jeter,Shortstop,1.905,88.45044,24.373058879451094
Alex_Rodriguez,Third_Baseman,1.905,95.25431999999999,26.24790956248579
Johnny_Damon,Outfielder,1.8796,86.18248,24.3942861881341
Bobby_Abreu,Outfielder,1.8288,95.707912,28.61642752606493
Hideki_Matsui,Outfielder,1.8796,104.32616,29.529925385636016
Melky_Cabrera,Outfielder,1.8034,77.11064,23.709924825126386
Kevin_Thompson,Outfielder,1.778,83.91452,26.54444206847597
Mike_Mussina,Starting_Pitcher,1.8796,83.91452,23.75233128844636
Carl_Pavano,Starting_Pitcher,1.9558,109.31567199999999,28.57811274738758
Andy_Pettitte,Starting_Pitcher,1.9558,102.0582,26.680810656274712
Darrell_Rasner,Starting_Pitcher,1.905,95.25431999999999,26.24790956248579
Jeff_Karstens,Starting_Pitcher,1.905,79.3786,21.873257968738162
Humberto_Sanchez,Starting_Pitcher,1.9811999999999999,104.32616,26.578874328031368
Chien-Ming_Wang,Starting_Pitcher,1.905,90.7184,24.998009107129327
Sean_Henn,Relief_Pitcher,1.9304,97.52228,26.17033177279651
Scott_Proctor,Relief_Pitcher,1.8541999999999998,89.811216,26.122661515354938
Brian_Bruney,Relief_Pitcher,1.905,102.511792,28.24775029105614
Chris_Britton,Relief_Pitcher,1.905,126.098576,34.74723265890976
T.J._Beam,Relief_Pitcher,2.0065999999999997,97.52228,24.220451260963415
Jose_Veras,Relief_Pitcher,1.9558,104.32616,27.273717559747485
Kyle_Farnsworth,Relief_Pitcher,1.9304,108.86207999999999,29.213393606842615
Luis_Vizcaino,Relief_Pitcher,1.8034,83.460928,25.662506869548555
Mike_Myers,Relief_Pitcher,1.905,99.336648,27.372819972306612
Mariano_Rivera,Relief_Pitcher,1.8796,77.11064,21.826466589383145
Ivan_Rodriguez,Catcher,1.7526,98.883056,32.19261569798082
Vance_Wilson,Catcher,1.8034,86.18248,26.499327745729488
Sean_Casey,First_Baseman,1.9304,102.0582,27.387556506414953
Chris_Shelton,First_Baseman,1.8288,99.79024,29.837033439498978
Omar_Infante,Second_Baseman,1.8288,79.83219199999999,23.86962675159918
Placido_Polanco,Second_Baseman,1.778,86.18248,27.261859421678025
Neifi_Perez,Second_Baseman,1.8288,89.357624,26.71770721627863
Carlos_Guillen,Shortstop,1.8541999999999998,92.532768,26.91425731885054
Ramon_Santiago,Shortstop,1.8034,75.749864,23.29151438703592
Tony_Giarratano,Shortstop,1.8288,81.64656,24.41211826868098
Brandon_Inge,Third_Baseman,1.8034,88.45044,27.196678475880265
Craig_Monroe,Outfielder,1.8541999999999998,99.79024,29.025179461505484
Magglio_Ordo?ez,Outfielder,1.8288,97.52228,29.158919043146728
Curtis_Granderson,Outfielder,1.8541999999999998,83.91452,24.407537274447794
Brent_Clevlen,Outfielder,1.8796,86.18248,24.3942861881341
Marcus_Thames,Outfielder,1.8796,92.98636,26.32015088719732
Gary_Sheffield,Outfielder,1.8288,92.98636,27.802690250442232
Zach_Miner,Starting_Pitcher,1.905,90.7184,24.998009107129327
Jeremy_Bonderman,Starting_Pitcher,1.8796,95.25431999999999,26.962105786885058
Nate_Robertson,Starting_Pitcher,1.8796,97.52228,27.604060686572797
Justin_Verlander,Starting_Pitcher,1.9558,90.7184,23.716276138910857
Virgil_Vasquez,Starting_Pitcher,1.905,92.98636,25.62295933480756
Kenny_Rogers,Starting_Pitcher,1.8541999999999998,95.707912,27.837785756262075
Mike_Maroth,Starting_Pitcher,1.8288,86.18248,25.76834706138548
Fernando_Rodney,Relief_Pitcher,1.8034,94.347136,29.009790374272285
Chad_Durbin,Relief_Pitcher,1.8796,90.7184,25.67819598750958
Jason_Grilli,Relief_Pitcher,1.9558,95.25431999999999,24.902089945856396
Jose_Mesa,Relief_Pitcher,1.905,105.233344,28.99769056427002
Todd_Jones,Relief_Pitcher,1.905,104.32616,28.747710473198726
Joel_Zumaya,Relief_Pitcher,1.905,95.25431999999999,26.24790956248579
Jordan_Tata,Relief_Pitcher,1.9811999999999999,99.79024,25.42327109637783
Andrew_Miller,Relief_Pitcher,1.9811999999999999,95.25431999999999,24.26766786472429
Yorman_Bazardo,Relief_Pitcher,1.8796,91.625584,25.934977947384677
Wilfredo_Ledezma,Relief_Pitcher,1.9304,96.161504,25.805164352710978
Roman_Colon,Relief_Pitcher,1.9811999999999999,102.0582,26.0010727122046
Edward_Campusano,Relief_Pitcher,1.9304,77.11064,20.69282047151352
Rene_Rivera,Catcher,1.778,86.18248,27.261859421678025
Kenji_Johjima,Catcher,1.8288,90.7184,27.12457585408998
Richie_Sexson,First_Baseman,2.032,107.501304,26.035524133548268
Ben_Broussard,First_Baseman,1.8796,99.79024,28.246015586260537
Jose_Lopez,Second_Baseman,1.8796,77.11064,21.826466589383145
Jose_Vidro,Second_Baseman,1.8034,87.543256,26.917738183819953
Yuniesky_Betancourt,Shortstop,1.778,86.18248,27.261859421678025
Oswaldo_Navarro,Shortstop,1.8288,68.0388,20.343431890567484
Adrian_Beltre,Third_Baseman,1.8034,99.79024,30.683432126634145
Raul_Ibanez,Outfielder,1.8796,90.7184,25.67819598750958
Jose_Guillen,Outfielder,1.8034,86.18248,26.499327745729488
Jeremy_Reed,Outfielder,1.8288,83.91452,25.09023266503323
Willie_Bloomquist,Outfielder,1.8034,83.91452,25.80197701557871
Adam_Jones,Outfielder,1.8796,90.7184,25.67819598750958
Ichiro_Suzuki,Outfielder,1.7526,78.017824,25.39967844060872
Mike_Morse,Outfielder,1.9304,99.79024,26.77894413960573
Felix_Hernandez,Starting_Pitcher,1.905,102.0582,28.122760245520492
Ryan_Feierabend,Starting_Pitcher,1.905,86.18248,23.74810865177286
Sean_White,Starting_Pitcher,1.9304,88.45044,23.735882305559628
Horacio_Ramirez,Starting_Pitcher,1.8541999999999998,99.336648,28.89324682758955
Cha_Baek,Starting_Pitcher,1.9304,86.18248,23.127269938750405
Miguel_Batista,Starting_Pitcher,1.8541999999999998,89.357624,25.990728881439004
Jeff_Weaver,Starting_Pitcher,1.9558,90.7184,23.716276138910857
Jarrod_Washburn,Starting_Pitcher,1.8541999999999998,88.45044,25.726863613607133
George_Sherrill,Relief_Pitcher,1.8288,95.25431999999999,28.48080464679448
Julio_Mateo,Relief_Pitcher,1.8288,80.28578399999999,24.00524963086963
J.J._Putz,Relief_Pitcher,1.9558,99.79024,26.08790375280194
Chris_Reitsma,Relief_Pitcher,1.9558,106.59412,27.866624463220255
Cesar_Jimenez,Relief_Pitcher,1.8034,81.64656,25.104626285427933
Eric_O'Flaherty,Relief_Pitcher,1.8796,88.45044,25.03624108782184
Jon_Huber,Relief_Pitcher,1.8796,88.45044,25.03624108782184
Jake_Woods,Relief_Pitcher,1.8541999999999998,86.18248,25.067200444027463
Sean_Green,Relief_Pitcher,1.9811999999999999,104.32616,26.578874328031368
Mark_Lowe,Relief_Pitcher,1.905,86.18248,23.74810865177286
Josh_Paul,Catcher,1.8541999999999998,90.7184,26.386526783186806
Dioner_Navarro,Catcher,1.778,86.18248,27.261859421678025
Shawn_Riggans,Catcher,1.8796,86.18248,24.3942861881341
Ty_Wigginton,First_Baseman,1.8288,90.7184,27.12457585408998
Brendan_Harris,Second_Baseman,1.8541999999999998,90.7184,26.386526783186806
Jorge_Cantu,Second_Baseman,1.8541999999999998,83.460928,24.27560464053186
Ben_Zobrist,Shortstop,1.905,90.7184,24.998009107129327
B.J._Upton,Third_Baseman,1.905,81.64656,22.498208196416392
Carl_Crawford,Outfielder,1.8796,99.336648,28.117624606322988
Rocco_Baldelli,Outfielder,1.9304,84.821704,22.76210251866487
Greg_Norton,Outfielder,1.8541999999999998,90.7184,26.386526783186806
Elijah_Dukes,Outfielder,1.8796,99.79024,28.246015586260537
Delmon_Young,Outfielder,1.905,92.98636,25.62295933480756
Edwin_Jackson,Starting_Pitcher,1.905,86.18248,23.74810865177286
Scott_Kazmir,Starting_Pitcher,1.8288,77.11064,23.055889475976485
Casey_Fossum,Starting_Pitcher,1.8541999999999998,72.57472,21.109221426549443
Jae_Seo,Starting_Pitcher,1.8541999999999998,97.52228,28.365516291925815
J.P._Howell,Starting_Pitcher,1.8288,79.3786,23.734003872328735
Tim_Corcoran,Starting_Pitcher,1.8796,92.98636,26.32015088719732
Jason_Hammel,Starting_Pitcher,1.9811999999999999,90.7184,23.112064633070755
James_Shields,Starting_Pitcher,1.9304,97.068688,26.048609299434666
Brian_Stokes,Starting_Pitcher,1.8541999999999998,90.7184,26.386526783186806
Juan_Salas,Relief_Pitcher,1.8796,86.18248,24.3942861881341
Jeff_Ridgway,Relief_Pitcher,1.905,81.64656,22.498208196416392
Ruddy_Lugo,Relief_Pitcher,1.778,92.98636,29.414111481284188
Jae-Kuk_Ryu,Relief_Pitcher,1.905,99.79024,27.49781001784226
Chad_Orvella,Relief_Pitcher,1.8034,86.18248,26.499327745729488
Dan_Miceli,Relief_Pitcher,1.8288,97.52228,29.158919043146728
Seth_McClung,Relief_Pitcher,1.9811999999999999,106.59412,27.15667594385814
Jon_Switzer,Relief_Pitcher,1.905,86.636072,23.873098697308507
Shawn_Camp,Relief_Pitcher,1.8541999999999998,90.7184,26.386526783186806
Scott_Dohmann,Relief_Pitcher,1.8541999999999998,82.100152,23.879806738784055
Jason_LaRue,Catcher,1.8034,90.7184,27.894029206031043
John_Buck,Catcher,1.905,95.25431999999999,26.24790956248579
Ryan_Shealy,First_Baseman,1.9558,108.86207999999999,28.459531366693025
Ross_Gload,First_Baseman,1.8288,83.91452,25.09023266503323
Esteban_German,Second_Baseman,1.7526,74.84268,24.365970597095576
Mark_Grudzielanek,Second_Baseman,1.8541999999999998,86.18248,25.067200444027463
Angel_Sanchez,Second_Baseman,1.8796,83.91452,23.75233128844636
Angel_Berroa,Shortstop,1.8288,79.3786,23.734003872328735
Andres_Blanco,Shortstop,1.778,70.30676,22.239937949263652
Mark_Teahen,Third_Baseman,1.905,95.25431999999999,26.24790956248579
Joey_Gathright,Outfielder,1.778,77.11064,24.392190008869814
David_DeJesus,Outfielder,1.8288,79.3786,23.734003872328735
Shane_Costa,Outfielder,1.8288,99.79024,29.837033439498978
Mitch_Maier,Outfielder,1.8796,95.25431999999999,26.962105786885058
Reggie_Sanders,Outfielder,1.8541999999999998,92.98636,27.046189952766476
Emil_Brown,Outfielder,1.8796,90.7184,25.67819598750958
John_Bale,Starting_Pitcher,1.9304,92.98636,24.95310703917807
Luke_Hudson,Starting_Pitcher,1.905,88.45044,24.373058879451094
Scott_Elarton,Starting_Pitcher,2.032,108.86207999999999,26.365087730175457
Odalis_Perez,Starting_Pitcher,1.8288,68.0388,20.343431890567484
Gil_Meche,Starting_Pitcher,1.905,90.7184,24.998009107129327
Neal_Musser,Starting_Pitcher,1.8541999999999998,97.52228,28.365516291925815
Brian_Bannister,Starting_Pitcher,1.8796,91.625584,25.934977947384677
Zack_Greinke,Starting_Pitcher,1.8796,90.7184,25.67819598750958
Jorge_De_La_Rosa,Starting_Pitcher,1.8541999999999998,86.18248,25.067200444027463
Todd_Wellemeyer,Relief_Pitcher,1.905,92.98636,25.62295933480756
Jimmy_Gobble,Relief_Pitcher,1.905,86.18248,23.74810865177286
Joel_Peralta,Relief_Pitcher,1.8034,72.57472,22.31522336482483
Ryan_Braun,Relief_Pitcher,1.8541999999999998,97.52228,28.365516291925815
Joakim_Soria,Relief_Pitcher,1.905,83.91452,23.123158424094626
Ken_Ray,Relief_Pitcher,1.8796,90.7184,25.67819598750958
David_Riske,Relief_Pitcher,1.8796,86.18248,24.3942861881341
Octavio_Dotel,Relief_Pitcher,1.8288,95.25431999999999,28.48080464679448
Joe_Nelson,Relief_Pitcher,1.8796,83.91452,23.75233128844636
Gerald_Laird,Catcher,1.8796,99.79024,28.246015586260537
Miguel_Ojeda,Catcher,1.8796,86.18248,24.3942861881341
Guillermo_Quiroz,Catcher,1.8541999999999998,91.625584,26.650392051018674
Chris_Stewart,Catcher,1.9304,92.98636,24.95310703917807
Mark_Teixeira,First_Baseman,1.905,99.79024,27.49781001784226
Ian_Kinsler,Second_Baseman,1.8288,79.3786,23.734003872328735
Joaquin_Arias,Shortstop,1.8541999999999998,72.57472,21.109221426549443
Michael_Young,Shortstop,1.8541999999999998,86.18248,25.067200444027463
Hank_Blalock,Third_Baseman,1.8541999999999998,90.7184,26.386526783186806
Marlon_Byrd,Outfielder,1.8288,103.872568,31.057639352933027
Brad_Wilkerson,Outfielder,1.8288,93.439952,27.938313129712682
Sammy_Sosa,Outfielder,1.8288,99.79024,29.837033439498978
Kenny_Lofton,Outfielder,1.8288,81.64656,24.41211826868098
Frank_Catalanotto,Outfielder,1.8034,88.45044,27.196678475880265
Nelson_Cruz,Outfielder,1.905,79.3786,21.873257968738162
Robinson_Tejeda,Starting_Pitcher,1.905,85.275296,23.498128560701566
John_Rheinecker,Starting_Pitcher,1.8796,104.32616,29.529925385636016
Edinson_Volquez,Starting_Pitcher,1.8541999999999998,86.18248,25.067200444027463
A.J._Murray,Starting_Pitcher,1.905,90.7184,24.998009107129327
Brandon_McCarthy,Starting_Pitcher,2.0065999999999997,86.18248,21.404119718990927
Vicente_Padilla,Starting_Pitcher,1.8796,99.336648,28.117624606322988
Kevin_Millwood,Starting_Pitcher,1.9304,106.59412,28.604781240033397
John_Koronka,Starting_Pitcher,1.8541999999999998,81.64656,23.74787410486812
Frank_Francisco,Relief_Pitcher,1.8796,81.64656,23.11037638875862
Francisco_Cruceta,Relief_Pitcher,1.8796,81.64656,23.11037638875862
Akinori_Otsuka,Relief_Pitcher,1.8288,90.7184,27.12457585408998
Eric_Gagne,Relief_Pitcher,1.8796,106.140528,30.04348930538621
Ron_Mahay,Relief_Pitcher,1.8796,83.91452,23.75233128844636
Joaquin_Benoit,Relief_Pitcher,1.905,99.79024,27.49781001784226
Rick_Bauer,Relief_Pitcher,1.9811999999999999,101.151016,25.76995206587389
Josh_Rupe,Relief_Pitcher,1.8796,90.7184,25.67819598750958
Wes_Littleton,Relief_Pitcher,1.8796,95.25431999999999,26.962105786885058
C.J._Wilson,Relief_Pitcher,1.8796,90.7184,25.67819598750958
Scott_Feldman,Relief_Pitcher,1.9558,95.25431999999999,24.902089945856396
Gregg_Zaun,Catcher,1.778,86.18248,27.261859421678025
Jason_Phillips,Catcher,1.8541999999999998,80.28578399999999,23.35207620312032
Lyle_Overbay,First_Baseman,1.8796,102.965384,29.14475244582337
Russ_Adams,Second_Baseman,1.8541999999999998,81.64656,23.74787410486812
Aaron_Hill,Second_Baseman,1.8034,88.45044,27.196678475880265
Jason_Smith,Second_Baseman,1.905,90.264808,24.87301906159368
John_McDonald,Shortstop,1.8034,79.3786,24.407275555277163
Royce_Clayton,Shortstop,1.8288,83.91452,25.09023266503323
Troy_Glaus,Third_Baseman,1.9558,108.86207999999999,28.459531366693025
John_Hattig,Third_Baseman,1.8796,95.25431999999999,26.962105786885058
Reed_Johnson,Outfielder,1.778,81.64656,25.827024715273918
Alex_Rios,Outfielder,1.9558,87.996848,23.00478785474353
Vernon_Wells,Outfielder,1.8541999999999998,102.0582,29.684842631085154
Shaun_Marcum,Starting_Pitcher,1.8288,81.64656,24.41211826868098
Casey_Janssen,Starting_Pitcher,1.9304,92.98636,24.95310703917807
Gustavo_Chacin,Starting_Pitcher,1.8034,87.543256,26.917738183819953
A.J._Burnett,Starting_Pitcher,1.9304,104.32616,27.996168873224175
Roy_Halladay,Starting_Pitcher,1.9811999999999999,104.32616,26.578874328031368
John_Thomson,Starting_Pitcher,1.905,99.79024,27.49781001784226
Tomo_Ohka,Starting_Pitcher,1.8541999999999998,90.7184,26.386526783186806
B.J._Ryan,Relief_Pitcher,1.9811999999999999,112.944408,28.77452046817309
Scott_Downs,Relief_Pitcher,1.8796,86.18248,24.3942861881341
Brian_Tallet,Relief_Pitcher,2.0065999999999997,94.347136,23.43187842921112
Matt_Roney,Relief_Pitcher,1.905,111.13004,30.622561156233424
Tracy_Thorpe,Relief_Pitcher,1.9304,113.398,30.43061834046106
Jean_Machi,Relief_Pitcher,1.8288,72.57472,21.699660683271983
Brandon_League,Relief_Pitcher,1.905,87.089664,23.998088742844153
Dustin_McGowan,Relief_Pitcher,1.905,99.79024,27.49781001784226
Jason_Frasor,Relief_Pitcher,1.778,77.11064,24.392190008869814
Francisco_Rosario,Relief_Pitcher,1.8288,89.357624,26.71770721627863
Davis_Romero,Relief_Pitcher,1.778,70.30676,22.239937949263652
Jeremy_Accardo,Relief_Pitcher,1.8796,86.18248,24.3942861881341
Mike_Redmond,Catcher,1.8034,90.7184,27.894029206031043
Joe_Mauer,Catcher,1.9304,99.79024,26.77894413960573
Chris_Heintz,Catcher,1.8541999999999998,95.25431999999999,27.70585312234614
Justin_Morneau,First_Baseman,1.9304,103.418976,27.752723926500487
Luis_Castillo,Second_Baseman,1.8034,86.18248,26.499327745729488
Alexi_Casilla,Second_Baseman,1.7526,72.57472,23.627607851729042
Alejandro_Machado,Second_Baseman,1.8288,83.460928,24.95460978576278
Jason_Bartlett,Shortstop,1.8288,81.64656,24.41211826868098
Luis_Rodriguez,Third_Baseman,1.7526,81.64656,26.58105883319517
Jeff_Cirillo,Third_Baseman,1.8541999999999998,90.7184,26.386526783186806
Nick_Punto,Third_Baseman,1.7526,79.83219199999999,25.990368636901945
Jason_Tyner,Outfielder,1.8541999999999998,72.57472,21.109221426549443
Michael_Cuddyer,Outfielder,1.8796,100.697424,28.502797546135632
Torii_Hunter,Outfielder,1.8796,95.707912,27.090496766822604
Lew_Ford,Outfielder,1.8288,88.45044,26.44646145773773
Jason_Kubel,Outfielder,1.8034,90.7184,27.894029206031043
Ramon_Ortiz,Starting_Pitcher,1.8288,79.3786,23.734003872328735
Johan_Santana,Starting_Pitcher,1.8288,93.439952,27.938313129712682
Carlos_Silva,Starting_Pitcher,1.9304,108.86207999999999,29.213393606842615
Matt_Garza,Starting_Pitcher,1.9304,83.91452,22.518657571941183
Boof_Bonser,Starting_Pitcher,1.9304,117.93392,31.647843074079503
Francisco_Liriano,Starting_Pitcher,1.8796,83.91452,23.75233128844636
Scott_Baker,Starting_Pitcher,1.9304,100.243832,26.900666612967576
Pat_Neshek,Relief_Pitcher,1.905,92.98636,25.62295933480756
Glen_Perkins,Relief_Pitcher,1.8034,90.7184,27.894029206031043
Julio_DePaula,Relief_Pitcher,1.8288,77.11064,23.055889475976485
Juan_Rincon,Relief_Pitcher,1.8034,91.171992,28.0334993520612
Jesse_Crain,Relief_Pitcher,1.8541999999999998,92.98636,27.046189952766476
Matt_Guerrier,Relief_Pitcher,1.905,83.91452,23.123158424094626
Joe_Nathan,Relief_Pitcher,1.9304,92.98636,24.95310703917807
Dennys_Reyes,Relief_Pitcher,1.905,111.13004,30.622561156233424
Brayan_Pe?a,Catcher,1.8034,99.79024,30.683432126634145
Brian_McCann,Catcher,1.905,95.25431999999999,26.24790956248579
Craig_Wilson,First_Baseman,1.8796,99.79024,28.246015586260537
Chris_Woodward,Second_Baseman,1.8288,83.91452,25.09023266503323
Pete_Orr,Second_Baseman,1.8541999999999998,79.3786,23.088210935288455
Martin_Prado,Second_Baseman,1.8541999999999998,77.11064,22.428547765708785
Tony_Pe?a,Shortstop,1.8541999999999998,81.64656,23.74787410486812
Edgar_Renteria,Shortstop,1.8541999999999998,90.7184,26.386526783186806
Chipper_Jones,Third_Baseman,1.9304,95.25431999999999,25.561719405987287
Willy_Aybar,Third_Baseman,1.8288,79.3786,23.734003872328735
Jeff_Francoeur,Outfielder,1.9304,99.79024,26.77894413960573
Matt_Diaz,Outfielder,1.8541999999999998,93.439952,27.17812258668241
Kelly_Johnson,Outfielder,1.8541999999999998,81.64656,23.74787410486812
Andruw_Jones,Outfielder,1.8541999999999998,95.25431999999999,27.70585312234614
Ryan_Langerhans,Outfielder,1.905,88.45044,24.373058879451094
Scott_Thorman,Outfielder,1.905,90.7184,24.998009107129327
T.J._Bohn,Outfielder,1.9558,90.7184,23.716276138910857
Tim_Hudson,Starting_Pitcher,1.8541999999999998,74.389088,21.63695196221318
Jonathan_Johnson,Starting_Pitcher,1.8288,81.64656,24.41211826868098
John_Smoltz,Starting_Pitcher,1.905,99.79024,27.49781001784226
Mike_Hampton,Starting_Pitcher,1.778,88.45044,27.979276774880077
Kyle_Davies,Starting_Pitcher,1.8796,92.98636,26.32015088719732
Chuck_James,Starting_Pitcher,1.8288,77.11064,23.055889475976485
Phil_Stockman,Relief_Pitcher,2.032,108.86207999999999,26.365087730175457
Macay_McBride,Relief_Pitcher,1.8034,95.25431999999999,29.28873066633259
Joey_Devine,Relief_Pitcher,1.8034,88.45044,27.196678475880265
Peter_Moylan,Relief_Pitcher,1.8796,90.7184,25.67819598750958
Mike_Gonzalez,Relief_Pitcher,1.8796,92.98636,26.32015088719732
Lance_Cormier,Relief_Pitcher,1.8541999999999998,87.089664,25.33106571185933
Blaine_Boyer,Relief_Pitcher,1.905,86.18248,23.74810865177286
Manny_Acosta,Relief_Pitcher,1.9304,77.11064,20.69282047151352
Bob_Wickman,Relief_Pitcher,1.8541999999999998,108.86207999999999,31.663832139824162
Tanyon_Sturtze,Relief_Pitcher,1.9558,90.7184,23.716276138910857
Oscar_Villarreal,Relief_Pitcher,1.8288,92.98636,27.802690250442232
Rafael_Soriano,Relief_Pitcher,1.8541999999999998,79.3786,23.088210935288455
Chad_Paronto,Relief_Pitcher,1.9558,113.398,29.645345173638567
Tyler_Yates,Relief_Pitcher,1.9304,99.79024,26.77894413960573
Henry_Blanco,Catcher,1.8034,101.604608,31.241312710754766
Michael_Barrett,Catcher,1.905,95.25431999999999,26.24790956248579
Geovany_Soto,Catcher,1.8541999999999998,88.45044,25.726863613607133
Scott_Moore,First_Baseman,1.8796,81.64656,23.11037638875862
Derrek_Lee,First_Baseman,1.9558,111.13004,29.052438270165794
Ryan_Theriot,Second_Baseman,1.8034,79.3786,24.407275555277163
Ronny_Cedeno,Shortstop,1.8288,81.64656,24.41211826868098
Aramis_Ramirez,Third_Baseman,1.8541999999999998,97.52228,28.365516291925815
Cesar_Izturis,Third_Baseman,1.7526,79.3786,25.842696087828642
Alfonso_Soriano,Outfielder,1.8541999999999998,81.64656,23.74787410486812
Jacque_Jones,Outfielder,1.778,88.45044,27.979276774880077
Daryle_Ward,Outfielder,1.8796,104.32616,29.529925385636016
Cliff_Floyd,Outfielder,1.9304,104.32616,27.996168873224175
Mark_DeRosa,Outfielder,1.8541999999999998,92.98636,27.046189952766476
Matt_Murton,Outfielder,1.8541999999999998,97.52228,28.365516291925815
Buck_Coats,Outfielder,1.905,88.45044,24.373058879451094
Angel_Pagan,Outfielder,1.8541999999999998,81.64656,23.74787410486812
Sean_Marshall,Starting_Pitcher,2.0065999999999997,92.98636,23.093918644174423
Carlos_Marmol,Starting_Pitcher,1.8796,81.64656,23.11037638875862
Ryan_O'Malley,Starting_Pitcher,1.8541999999999998,86.18248,25.067200444027463
Juan_Mateo,Starting_Pitcher,1.8796,81.64656,23.11037638875862
Rich_Hill,Starting_Pitcher,1.9558,86.18248,22.53046233196531
Angel_Guzman,Starting_Pitcher,1.905,86.18248,23.74810865177286
Wade_Miller,Starting_Pitcher,1.8796,99.79024,28.246015586260537
Jason_Marquis,Starting_Pitcher,1.8541999999999998,95.25431999999999,27.70585312234614
Carlos_Zambrano,Starting_Pitcher,1.9558,115.66596,30.23825207711134
Ted_Lilly,Starting_Pitcher,1.8541999999999998,86.18248,25.067200444027463
Mark_Prior,Starting_Pitcher,1.9558,104.32616,27.273717559747485
Neal_Cotts,Relief_Pitcher,1.8796,90.7184,25.67819598750958
Will_Ohman,Relief_Pitcher,1.8796,92.98636,26.32015088719732
Scott_Eyre,Relief_Pitcher,1.8541999999999998,95.25431999999999,27.70585312234614
Kerry_Wood,Relief_Pitcher,1.9558,102.0582,26.680810656274712
Ryan_Dempster,Relief_Pitcher,1.8796,97.52228,27.604060686572797
Bob_Howry,Relief_Pitcher,1.9558,99.79024,26.08790375280194
Mike_Wuertz,Relief_Pitcher,1.905,92.98636,25.62295933480756
Roberto_Novoa,Relief_Pitcher,1.9558,90.7184,23.716276138910857
Chris_Snyder,Catcher,1.905,99.79024,27.49781001784226
Miguel_Montero,Catcher,1.8034,89.357624,27.475618767940574
Conor_Jackson,First_Baseman,1.8796,102.0582,28.887970485948276
Robby_Hammock,First_Baseman,1.778,84.821704,26.831409009756793
Tony_Clark,First_Baseman,2.0065999999999997,111.13004,27.600049111330403
Orlando_Hudson,Second_Baseman,1.8288,83.91452,25.09023266503323
Stephen_Drew,Shortstop,1.8288,83.91452,25.09023266503323
Alberto_Callaspo,Shortstop,1.778,79.3786,25.109607362071866
Chad_Tracy,Third_Baseman,1.8796,90.7184,25.67819598750958
Chris_Young,Outfielder,1.8796,81.64656,23.11037638875862
Scott_Hairston,Outfielder,1.8288,85.275296,25.49710130284458
Carlos_Quentin,Outfielder,1.8541999999999998,102.0582,29.684842631085154
Jeff_DaVanon,Outfielder,1.8288,90.7184,27.12457585408998
Eric_Byrnes,Outfielder,1.8796,95.25431999999999,26.962105786885058
Livan_Hernandez,Starting_Pitcher,1.8796,111.13004,31.455790084699235
Doug_Davis,Starting_Pitcher,1.9304,96.615096,25.92688682607282
Randy_Johnson,Starting_Pitcher,2.0827999999999998,104.779752,24.15361993127318
Juan_Cruz,Starting_Pitcher,1.8796,74.84268,21.1845116896954
Brandon_Webb,Starting_Pitcher,1.8796,103.418976,29.27314342576092
Enrique_Gonzalez,Starting_Pitcher,1.778,95.25431999999999,30.131528834486236
Dana_Eveland,Starting_Pitcher,1.8541999999999998,113.398,32.983158478983505
Brandon_Medders,Relief_Pitcher,1.8541999999999998,86.636072,25.199133077943397
Tony_Pe?a,Relief_Pitcher,1.8796,86.18248,24.3942861881341
Doug_Slaten,Relief_Pitcher,1.9558,90.7184,23.716276138910857
Edgar_Gonzalez,Relief_Pitcher,1.8288,97.52228,29.158919043146728
Jose_Valverde,Relief_Pitcher,1.9304,115.212368,30.917508233908435
Jorge_Julio,Relief_Pitcher,1.8541999999999998,105.233344,30.608371068496695
Brandon_Lyon,Relief_Pitcher,1.8541999999999998,81.64656,23.74787410486812
Miguel_Olivo,Catcher,1.8288,97.52228,29.158919043146728
Matt_Treanor,Catcher,1.8796,99.79024,28.246015586260537
Mike_Jacobs,First_Baseman,1.8796,81.64656,23.11037638875862
Dan_Uggla,Second_Baseman,1.8034,90.7184,27.894029206031043
Robert_Andino,Shortstop,1.8288,77.11064,23.055889475976485
Hanley_Ramirez,Shortstop,1.905,88.45044,24.373058879451094
Miguel_Cabrera,Third_Baseman,1.8796,95.25431999999999,26.962105786885058
Aaron_Boone,Third_Baseman,1.8796,90.7184,25.67819598750958
Joe_Borchard,Outfielder,1.9558,99.79024,26.08790375280194
Alfredo_Amezaga,Outfielder,1.778,74.84268,23.67477265566776
Cody_Ross,Outfielder,1.8034,81.64656,25.104626285427933
Josh_Willingham,Outfielder,1.8541999999999998,90.7184,26.386526783186806
Jeremy_Hermida,Outfielder,1.9304,90.7184,24.34449467236885
Eric_Reed,Outfielder,1.8034,77.11064,23.709924825126386
Reggi_Abercrombie,Outfielder,1.905,101.604608,27.997770199984846
Ricky_Nolasco,Starting_Pitcher,1.8796,99.79024,28.246015586260537
Anibal_Sanchez,Starting_Pitcher,1.8288,81.64656,24.41211826868098
Scott_Olsen,Starting_Pitcher,1.9304,89.811216,24.101049725645158
Josh_Johnson,Starting_Pitcher,2.0065999999999997,108.86207999999999,27.036782802935907
Dontrelle_Willis,Starting_Pitcher,1.9304,108.408488,29.091671133480773
Logan_Kensing,Relief_Pitcher,1.8541999999999998,83.91452,24.407537274447794
Sergio_Mitre,Relief_Pitcher,1.9304,95.25431999999999,25.561719405987287
Kevin_Gregg,Relief_Pitcher,1.9811999999999999,99.79024,25.42327109637783
Travis_Bowyer,Relief_Pitcher,1.905,90.7184,24.998009107129327
Renyel_Pinto,Relief_Pitcher,1.9304,88.45044,23.735882305559628
Randy_Messenger,Relief_Pitcher,1.8288,99.79024,29.837033439498978
Yusmeiro_Petit,Relief_Pitcher,1.8288,104.32616,31.193262232203477
Carlos_Martinez,Relief_Pitcher,1.8541999999999998,77.11064,22.428547765708785
Taylor_Tankersley,Relief_Pitcher,1.8541999999999998,99.79024,29.025179461505484
Henry_Owens,Relief_Pitcher,1.905,104.32616,28.747710473198726
Jose_Garcia,Relief_Pitcher,1.8034,74.84268,23.01257409497561
Matt_Lindstrom,Relief_Pitcher,1.9304,92.98636,24.95310703917807
Javier_Valentin,Catcher,1.778,87.089664,27.548826362958845
Chad_Moeller,Catcher,1.905,95.25431999999999,26.24790956248579
David_Ross,Catcher,1.8796,92.98636,26.32015088719732
Joey_Votto,First_Baseman,1.905,90.7184,24.998009107129327
Scott_Hatteberg,First_Baseman,1.8541999999999998,95.25431999999999,27.70585312234614
Brandon_Phillips,Second_Baseman,1.8034,83.91452,25.80197701557871
Juan_Castro,Shortstop,1.8034,88.45044,27.196678475880265
Alex_Gonzalez,Shortstop,1.8288,91.625584,27.395821612630883
Mark_Bellhorn,Third_Baseman,1.8541999999999998,92.98636,27.046189952766476
Edwin_Encarnacion,Third_Baseman,1.8541999999999998,88.45044,25.726863613607133
Jeff_Keppinger,Third_Baseman,1.8288,81.64656,24.41211826868098
Norris_Hopper,Outfielder,1.7526,90.7184,29.534509814661302
Chris_Denorfia,Outfielder,1.8541999999999998,83.91452,24.407537274447794
Adam_Dunn,Outfielder,1.9811999999999999,108.86207999999999,27.734477559684905
Bubba_Crosby,Outfielder,1.8034,83.91452,25.80197701557871
Jeff_Conine,Outfielder,1.8541999999999998,99.79024,29.025179461505484
Ken_Griffey_Jr.,Outfielder,1.905,92.98636,25.62295933480756
Josh_Hamilton,Outfielder,1.9304,92.98636,24.95310703917807
Ryan_Freel,Outfielder,1.778,81.64656,25.827024715273918
Kyle_Lohse,Starting_Pitcher,1.8796,91.171992,25.806586967447128
Bronson_Arroyo,Starting_Pitcher,1.9558,86.18248,22.53046233196531
Eric_Milton,Starting_Pitcher,1.905,94.347136,25.9979294714145
Aaron_Harang,Starting_Pitcher,2.0065999999999997,108.86207999999999,27.036782802935907
Elizardo_Ramirez,Starting_Pitcher,1.8288,81.64656,24.41211826868098
Todd_Coffey,Relief_Pitcher,1.9558,104.32616,27.273717559747485
Brian_Shackelford,Relief_Pitcher,1.8541999999999998,88.45044,25.726863613607133
Bill_Bray,Relief_Pitcher,1.905,97.52228,26.872859790164025
Bobby_Livingston,Relief_Pitcher,1.905,86.18248,23.74810865177286
Matt_Belisle,Relief_Pitcher,1.905,88.45044,24.373058879451094
Gary_Majewski,Relief_Pitcher,1.8541999999999998,97.52228,28.365516291925815
Mike_Stanton,Relief_Pitcher,1.8541999999999998,97.52228,28.365516291925815
Brad_Salmon,Relief_Pitcher,1.9304,99.79024,26.77894413960573
Jared_Burton,Relief_Pitcher,1.9558,99.79024,26.08790375280194
David_Weathers,Relief_Pitcher,1.905,104.32616,28.747710473198726
Rheal_Cormier,Relief_Pitcher,1.778,88.45044,27.979276774880077
Yorvit_Torrealba,Catcher,1.8034,86.18248,26.499327745729488
Chris_Iannetta,Catcher,1.8034,88.45044,27.196678475880265
Alvin_Colina,Catcher,1.905,94.80072799999999,26.122919516950144
Todd_Helton,First_Baseman,1.8796,92.532768,26.191759907259772
Jamey_Carroll,Second_Baseman,1.7526,77.11064,25.10433334246211
Kaz_Matsui,Second_Baseman,1.778,83.91452,26.54444206847597
Troy_Tulowitzki,Shortstop,1.905,92.98636,25.62295933480756
Clint_Barmes,Shortstop,1.8288,79.3786,23.734003872328735
Garrett_Atkins,Third_Baseman,1.905,95.25431999999999,26.24790956248579
Ryan_Spilborghs,Outfielder,1.8541999999999998,86.18248,25.067200444027463
Cory_Sullivan,Outfielder,1.8288,81.64656,24.41211826868098
Jeff_Salazar,Outfielder,1.8288,81.64656,24.41211826868098
Willy_Taveras,Outfielder,1.8288,72.57472,21.699660683271983
Matt_Holliday,Outfielder,1.9304,106.59412,28.604781240033397
Brad_Hawpe,Outfielder,1.905,90.7184,24.998009107129327
Jeff_Baker,Outfielder,1.8796,95.25431999999999,26.962105786885058
Byung-Hyun_Kim,Starting_Pitcher,1.7526,81.64656,26.58105883319517
Rodrigo_Lopez,Starting_Pitcher,1.8541999999999998,86.18248,25.067200444027463
Brian_Lawrence,Starting_Pitcher,1.8288,89.357624,26.71770721627863
Josh_Fogg,Starting_Pitcher,1.8288,92.079176,27.531444491901333
Aaron_Cook,Starting_Pitcher,1.905,92.98636,25.62295933480756
Denny_Bautista,Starting_Pitcher,1.9558,77.11064,20.158834718074228
Ubaldo_Jimenez,Starting_Pitcher,1.9304,90.7184,24.34449467236885
Jason_Hirsh,Starting_Pitcher,2.032,113.398,27.4636330522661
Jeff_Francis,Starting_Pitcher,1.9558,90.7184,23.716276138910857
Taylor_Buchholz,Starting_Pitcher,1.9304,99.79024,26.77894413960573
Ryan_Speier,Relief_Pitcher,2.0065999999999997,90.7184,22.530652335779923
Ramon_Ramirez,Relief_Pitcher,1.8034,86.18248,26.499327745729488
Manny_Corpas,Relief_Pitcher,1.905,77.11064,21.24830774105993
Juan_Morillo,Relief_Pitcher,1.8541999999999998,86.18248,25.067200444027463
Brian_Fuentes,Relief_Pitcher,1.9304,99.79024,26.77894413960573
LaTroy_Hawkins,Relief_Pitcher,1.9558,97.52228,25.49499684932917
Tom_Martin,Relief_Pitcher,1.8541999999999998,93.439952,27.17812258668241
Jeremy_Affeldt,Relief_Pitcher,1.9304,97.52228,26.17033177279651
Paul_Lo_Duca,Catcher,1.778,83.91452,26.54444206847597
Ramon_Castro,Catcher,1.905,106.59412,29.37266070087696
Julio_Franco,First_Baseman,1.8541999999999998,85.275296,24.803335176195596
Carlos_Delgado,First_Baseman,1.905,104.32616,28.747710473198726
Jose_Valentin,Second_Baseman,1.778,88.45044,27.979276774880077
Anderson_Hernandez,Second_Baseman,1.7526,76.203456,24.808988244315493
Damion_Easley,Shortstop,1.8034,86.18248,26.499327745729488
Jose_Reyes,Shortstop,1.8288,72.57472,21.699660683271983
David_Wright,Third_Baseman,1.8288,90.7184,27.12457585408998
Ben_Johnson,Outfielder,1.8541999999999998,90.7184,26.386526783186806
Endy_Chavez,Outfielder,1.778,85.728888,27.118375951037613
David_Newhan,Outfielder,1.778,81.64656,25.827024715273918
Carlos_Beltran,Outfielder,1.8541999999999998,86.18248,25.067200444027463
Shawn_Green,Outfielder,1.9304,90.7184,24.34449467236885
Moises_Alou,Outfielder,1.905,99.79024,27.49781001784226
Lastings_Milledge,Outfielder,1.8288,84.821704,25.36147842357413
Alay_Soler,Starting_Pitcher,1.8541999999999998,108.86207999999999,31.663832139824162
Mike_Pelfrey,Starting_Pitcher,2.0065999999999997,86.18248,21.404119718990927
Pedro_Martinez,Starting_Pitcher,1.8034,81.64656,25.104626285427933
Tom_Glavine,Starting_Pitcher,1.8288,83.91452,25.09023266503323
Chan_Ho_Park,Starting_Pitcher,1.8796,95.25431999999999,26.962105786885058
Orlando_Hernandez,Starting_Pitcher,1.8796,99.79024,28.246015586260537
Dave_Williams,Starting_Pitcher,1.8796,99.336648,28.117624606322988
Oliver_Perez,Starting_Pitcher,1.8288,86.18248,25.76834706138548
John_Maine,Starting_Pitcher,1.9304,87.543256,23.49243735883594
Marcos_Carvajal,Relief_Pitcher,1.9304,79.3786,21.301432838322743
Ambiorix_Burgos,Relief_Pitcher,1.8288,81.64656,24.41211826868098
Jason_Vargas,Relief_Pitcher,1.8288,97.52228,29.158919043146728
Jon_Adkins,Relief_Pitcher,1.8034,95.25431999999999,29.28873066633259
Juan_Padilla,Relief_Pitcher,1.8288,90.7184,27.12457585408998
Duaner_Sanchez,Relief_Pitcher,1.8288,86.18248,25.76834706138548
Pedro_Feliciano,Relief_Pitcher,1.778,83.91452,26.54444206847597
Aaron_Heilman,Relief_Pitcher,1.9558,99.79024,26.08790375280194
Jorge_Sosa,Relief_Pitcher,1.8796,77.11064,21.826466589383145
Scott_Schoeneweis,Relief_Pitcher,1.8288,88.45044,26.44646145773773
Guillermo_Mota,Relief_Pitcher,1.9304,92.98636,24.95310703917807
Billy_Wagner,Relief_Pitcher,1.8034,88.45044,27.196678475880265
Philip_Humber,Relief_Pitcher,1.9304,95.25431999999999,25.561719405987287
Brad_Ausmus,Catcher,1.8034,86.18248,26.499327745729488
Humberto_Quintero,Catcher,1.8541999999999998,86.18248,25.067200444027463
Hector_Gimenez,Catcher,1.778,81.64656,25.827024715273918
Lance_Berkman,First_Baseman,1.8541999999999998,99.79024,29.025179461505484
Mike_Lamb,First_Baseman,1.8541999999999998,86.18248,25.067200444027463
Mark_Loretta,Second_Baseman,1.8288,84.368112,25.22585554430368
Craig_Biggio,Second_Baseman,1.8034,83.91452,25.80197701557871
Brooks_Conrad,Second_Baseman,1.8034,86.18248,26.499327745729488
Chris_Burke,Second_Baseman,1.8034,81.64656,25.104626285427933
Eric_Bruntlett,Second_Baseman,1.8288,86.18248,25.76834706138548
Adam_Everett,Shortstop,1.8288,77.11064,23.055889475976485
Morgan_Ensberg,Third_Baseman,1.8796,95.25431999999999,26.962105786885058
Carlos_Lee,Outfielder,1.8796,108.86207999999999,30.81383518501149
Jason_Lane,Outfielder,1.8796,99.79024,28.246015586260537
Orlando_Palmeiro,Outfielder,1.8034,81.64656,25.104626285427933
Luke_Scott,Outfielder,1.8288,95.25431999999999,28.48080464679448
Charlton_Jimerson,Outfielder,1.905,95.25431999999999,26.24790956248579
Fernando_Nieve,Starting_Pitcher,1.8288,88.45044,26.44646145773773
Wandy_Rodriguez,Starting_Pitcher,1.8034,72.57472,22.31522336482483
Brandon_Backe,Starting_Pitcher,1.8288,81.64656,24.41211826868098
Matt_Albers,Starting_Pitcher,1.8288,92.98636,27.802690250442232
Woody_Williams,Starting_Pitcher,1.8288,90.7184,27.12457585408998
Roy_Oswalt,Starting_Pitcher,1.8288,83.91452,25.09023266503323
Jason_Jennings,Starting_Pitcher,1.8796,111.13004,31.455790084699235
Miguel_Asencio,Relief_Pitcher,1.8796,86.18248,24.3942861881341
Brad_Lidge,Relief_Pitcher,1.9558,95.25431999999999,24.902089945856396
Trever_Miller,Relief_Pitcher,1.905,90.7184,24.998009107129327
David_Borkowski,Relief_Pitcher,1.8541999999999998,90.7184,26.386526783186806
Dan_Wheeler,Relief_Pitcher,1.905,100.697424,27.747790108913552
Paul_Estrada,Relief_Pitcher,1.8541999999999998,97.52228,28.365516291925815
Lincoln_Holdzkom,Relief_Pitcher,1.9304,108.86207999999999,29.213393606842615
Chris_Sampson,Relief_Pitcher,1.8288,77.11064,23.055889475976485
Chad_Qualls,Relief_Pitcher,1.9558,99.79024,26.08790375280194
Ezequiel_Astacio,Relief_Pitcher,1.905,70.760352,19.498447103560874
Mike_Lieberthal,Catcher,1.8288,86.18248,25.76834706138548
Russell_Martin,Catcher,1.8034,91.625584,28.17296949809135
Olmedo_Saenz,First_Baseman,1.8034,100.243832,30.8229022726643
James_Loney,First_Baseman,1.905,90.7184,24.998009107129327
Nomar_Garciaparra,First_Baseman,1.8288,86.18248,25.76834706138548
Jeff_Kent,Second_Baseman,1.8541999999999998,95.25431999999999,27.70585312234614
Ramon_Martinez,Second_Baseman,1.8541999999999998,86.18248,25.067200444027463
Marlon_Anderson,Second_Baseman,1.8034,90.7184,27.894029206031043
Rafael_Furcal,Shortstop,1.778,74.84268,23.67477265566776
Wilson_Betemit,Third_Baseman,1.905,86.18248,23.74810865177286
Andy_LaRoche,Third_Baseman,1.8034,83.91452,25.80197701557871
Matt_Kemp,Outfielder,1.9304,104.32616,27.996168873224175
Andre_Ethier,Outfielder,1.8541999999999998,94.347136,27.441987854514277
Delwyn_Young,Outfielder,1.7271999999999998,94.80072799999999,31.777989248020024
Jason_Repko,Outfielder,1.8034,79.3786,24.407275555277163
Juan_Pierre,Outfielder,1.8288,81.64656,24.41211826868098
Luis_Gonzalez,Outfielder,1.8796,90.7184,25.67819598750958
Jason_Schmidt,Starting_Pitcher,1.9558,92.98636,24.309183042383626
Randy_Wolf,Starting_Pitcher,1.8288,90.7184,27.12457585408998
Brad_Penny,Starting_Pitcher,1.9304,113.398,30.43061834046106
Derek_Lowe,Starting_Pitcher,1.9811999999999999,95.25431999999999,24.26766786472429
Mark_Hendrickson,Starting_Pitcher,2.0574,104.32616,24.646528183469414
Chad_Billingsley,Starting_Pitcher,1.8288,110.676448,33.09198254198977
Takashi_Saito,Relief_Pitcher,1.8541999999999998,91.625584,26.650392051018674
Jonathan_Broxton,Relief_Pitcher,1.9304,108.86207999999999,29.213393606842615
Hong-Chih_Kuo,Relief_Pitcher,1.8288,90.7184,27.12457585408998
Eric_Stults,Relief_Pitcher,1.8288,97.52228,29.158919043146728
Chin-Hui_Tsao,Relief_Pitcher,1.8796,80.28578399999999,22.725203448945976
Tim_Hamulack,Relief_Pitcher,1.9304,95.25431999999999,25.561719405987287
Yhency_Brazoban,Relief_Pitcher,1.8541999999999998,77.11064,22.428547765708785
Brett_Tomko,Relief_Pitcher,1.9304,97.52228,26.17033177279651
Joe_Beimel,Relief_Pitcher,1.905,98.429464,27.12283988123532
Elmer_Dessens,Relief_Pitcher,1.778,89.811216,28.409727186801312
Ryan_Budde,Catcher,1.8034,90.7184,27.894029206031043
Rod_Barajas,Catcher,1.8796,99.79024,28.246015586260537
Carlos_Ruiz,Catcher,1.8288,77.11064,23.055889475976485
Chris_Coste,Catcher,1.8541999999999998,90.7184,26.386526783186806
Ryan_Howard,First_Baseman,1.9304,104.32616,27.996168873224175
Wes_Helms,First_Baseman,1.9304,104.779752,28.11789134658602
Chase_Utley,Second_Baseman,1.8541999999999998,83.007336,24.143672006615926
Danny_Sandoval,Second_Baseman,1.8034,87.089664,26.7782680377898
Jimmy_Rollins,Shortstop,1.7271999999999998,75.749864,25.391981839327006
Abraham_Nu?ez,Third_Baseman,1.8034,86.18248,26.499327745729488
Michael_Bourn,Outfielder,1.8034,81.64656,25.104626285427933
Chris_Roberson,Outfielder,1.8796,81.64656,23.11037638875862
Jayson_Werth,Outfielder,1.9558,97.52228,25.49499684932917
Shane_Victorino,Outfielder,1.7526,72.57472,23.627607851729042
Aaron_Rowand,Outfielder,1.8288,92.98636,27.802690250442232
Pat_Burrell,Outfielder,1.9304,101.151016,27.144111559691265
Cole_Hamels,Starting_Pitcher,1.905,79.3786,21.873257968738162
Alfredo_Simon,Starting_Pitcher,1.9304,77.11064,20.69282047151352
Scott_Mathieson,Starting_Pitcher,1.905,86.18248,23.74810865177286
Freddy_Garcia,Starting_Pitcher,1.9304,108.86207999999999,29.213393606842615
Jamie_Moyer,Starting_Pitcher,1.8288,79.3786,23.734003872328735
Jon_Lieber,Starting_Pitcher,1.8796,104.32616,29.529925385636016
Brett_Myers,Starting_Pitcher,1.9304,101.151016,27.144111559691265
Adam_Eaton,Starting_Pitcher,1.8796,88.904032,25.16463206775939
Geoff_Geary,Relief_Pitcher,1.8288,75.749864,22.649020838165136
Clay_Condrey,Relief_Pitcher,1.905,88.45044,24.373058879451094
Ryan_Madson,Relief_Pitcher,1.9811999999999999,86.18248,21.95646140141722
Antonio_Alfonseca,Relief_Pitcher,1.9558,113.398,29.645345173638567
Tom_Gordon,Relief_Pitcher,1.778,86.18248,27.261859421678025
Brian_Sanches,Relief_Pitcher,1.8288,86.18248,25.76834706138548
Jim_Ed_Warden,Relief_Pitcher,2.0065999999999997,86.18248,21.404119718990927
Anderson_Garcia,Relief_Pitcher,1.8796,77.11064,21.826466589383145
Eude_Brito,Relief_Pitcher,1.8034,72.57472,22.31522336482483
Fabio_Castro,Relief_Pitcher,1.7271999999999998,68.0388,22.80716931676078
Matt_Smith,Relief_Pitcher,1.9558,102.0582,26.680810656274712
Damian_Miller,Catcher,1.905,99.79024,27.49781001784226
Johnny_Estrada,Catcher,1.8034,94.80072799999999,29.149260520302434
Mike_Rivera,Catcher,1.8288,95.25431999999999,28.48080464679448
J.D._Closser,Catcher,1.778,79.83219199999999,25.253090832712275
Prince_Fielder,First_Baseman,1.8288,117.93392,35.26194861031698
Rickie_Weeks,Second_Baseman,1.8288,88.45044,26.44646145773773
Tony_Graffanino,Second_Baseman,1.8541999999999998,86.18248,25.067200444027463
Craig_Counsell,Shortstop,1.8288,83.460928,24.95460978576278
J.J._Hardy,Shortstop,1.8796,81.64656,23.11037638875862
Bill_Hall,Shortstop,1.8288,88.45044,26.44646145773773
Vinny_Rottino,Third_Baseman,1.8288,88.45044,26.44646145773773
Corey_Koskie,Third_Baseman,1.905,99.336648,27.372819972306612
Kevin_Mench,Outfielder,1.8288,102.0582,30.515147835851227
Geoff_Jenkins,Outfielder,1.8541999999999998,96.161504,27.96971839017801
Brady_Clark,Outfielder,1.8796,91.625584,25.934977947384677
Tony_Gwynn_Jr.,Outfielder,1.8288,83.91452,25.09023266503323
Corey_Hart,Outfielder,1.9811999999999999,90.7184,23.112064633070755
Gabe_Gross,Outfielder,1.905,94.80072799999999,26.122919516950144
Laynce_Nix,Outfielder,1.8288,90.7184,27.12457585408998
Drew_Anderson,Outfielder,1.8796,88.45044,25.03624108782184
Claudio_Vargas,Starting_Pitcher,1.905,103.418976,28.497730382127433
Chris_Capuano,Starting_Pitcher,1.905,95.25431999999999,26.24790956248579
Ben_Hendrickson,Starting_Pitcher,1.9304,86.18248,23.127269938750405
Dave_Bush,Starting_Pitcher,1.8796,96.161504,27.218887746760153
Carlos_Villanueva,Starting_Pitcher,1.8796,86.18248,24.3942861881341
Ben_Sheets,Starting_Pitcher,1.8541999999999998,98.883056,28.761314193673616
Jeff_Suppan,Starting_Pitcher,1.8796,99.79024,28.246015586260537
Brian_Shouse,Relief_Pitcher,1.8034,86.18248,26.499327745729488
Francisco_Cordero,Relief_Pitcher,1.8796,106.59412,30.171880285323756
Derrick_Turnbow,Relief_Pitcher,1.905,95.25431999999999,26.24790956248579
Matt_Wise,Relief_Pitcher,1.9304,90.7184,24.34449467236885
Grant_Balfour,Relief_Pitcher,1.8796,85.275296,24.137504228259004
Dennis_Sarfate,Relief_Pitcher,1.9304,95.25431999999999,25.561719405987287
Jose_Capellan,Relief_Pitcher,1.9304,106.59412,28.604781240033397
Greg_Aquino,Relief_Pitcher,1.8541999999999998,85.275296,24.803335176195596
Josh_Bard,Catcher,1.905,97.52228,26.872859790164025
Rob_Bowen,Catcher,1.905,97.975872,26.99784983569967
Adrian_Gonzalez,First_Baseman,1.8796,99.79024,28.246015586260537
Marcus_Giles,Second_Baseman,1.7271999999999998,81.64656,27.368603180112938
Todd_Walker,Second_Baseman,1.8288,83.91452,25.09023266503323
Geoff_Blum,Shortstop,1.905,90.7184,24.998009107129327
Khalil_Greene,Shortstop,1.8034,95.25431999999999,29.28873066633259
Paul_McAnulty,Outfielder,1.778,99.79024,31.566363540890343
Terrmel_Sledge,Outfielder,1.8288,83.91452,25.09023266503323
Jack_Cust,Outfielder,1.8541999999999998,104.779752,30.47643843458076
Jose_Cruz_Jr.,Outfielder,1.8288,95.25431999999999,28.48080464679448
Russell_Branyan,Outfielder,1.905,88.45044,24.373058879451094
Mike_Cameron,Outfielder,1.8796,90.7184,25.67819598750958
Brian_Giles,Outfielder,1.778,92.98636,29.414111481284188
Mike_Thompson,Starting_Pitcher,1.9304,90.7184,24.34449467236885
Clay_Hensley,Starting_Pitcher,1.8034,86.18248,26.499327745729488
Chris_Young,Starting_Pitcher,2.0827999999999998,113.398,26.14028131090171
Greg_Maddux,Starting_Pitcher,1.8288,83.91452,25.09023266503323
Jake_Peavy,Starting_Pitcher,1.8541999999999998,81.64656,23.74787410486812
Scott_Cassidy,Relief_Pitcher,1.8796,77.11064,21.826466589383145
Scott_Strickland,Relief_Pitcher,1.8034,81.64656,25.104626285427933
Scott_Linebrink,Relief_Pitcher,1.905,94.347136,25.9979294714145
Doug_Brocail,Relief_Pitcher,1.9558,106.59412,27.866624463220255
Trevor_Hoffman,Relief_Pitcher,1.8288,97.52228,29.158919043146728
Heath_Bell,Relief_Pitcher,1.8796,110.676448,31.327399104761685
Royce_Ring,Relief_Pitcher,1.8288,99.79024,29.837033439498978
Cla_Meredith,Relief_Pitcher,1.8541999999999998,83.91452,24.407537274447794
Andrew_Brown,Relief_Pitcher,1.9811999999999999,104.32616,26.578874328031368
Mike_Adams,Relief_Pitcher,1.9558,86.18248,22.53046233196531
Justin_Hampson,Relief_Pitcher,1.8541999999999998,90.7184,26.386526783186806
Kevin_Cameron,Relief_Pitcher,1.8541999999999998,81.64656,23.74787410486812
Ryan_Ketchner,Relief_Pitcher,1.8541999999999998,86.18248,25.067200444027463
Brian_Schneider,Catcher,1.8541999999999998,88.904032,25.85879624752307
Jesus_Flores,Catcher,1.8541999999999998,81.64656,23.74787410486812
Larry_Broadway,First_Baseman,1.9304,104.32616,27.996168873224175
Nick_Johnson,First_Baseman,1.905,101.604608,27.997770199984846
Bernie_Castro,Second_Baseman,1.778,72.57472,22.957355302465704
Josh_Wilson,Shortstop,1.8541999999999998,80.739376,23.484008837036253
Cristian_Guzman,Shortstop,1.8288,92.98636,27.802690250442232
Felipe_Lopez,Shortstop,1.8541999999999998,83.91452,24.407537274447794
Ryan_Zimmerman,Third_Baseman,1.905,95.25431999999999,26.24790956248579
Nook_Logan,Outfielder,1.8796,81.64656,23.11037638875862
Ryan_Church,Outfielder,1.8541999999999998,86.18248,25.067200444027463
Kory_Casto,Outfielder,1.8541999999999998,90.7184,26.386526783186806
Mike_Restovich,Outfielder,1.9304,116.573144,31.28267565399397
Alex_Escobar,Outfielder,1.8541999999999998,86.18248,25.067200444027463
Austin_Kearns,Outfielder,1.905,99.79024,27.49781001784226
Chris_Snelling,Outfielder,1.778,74.84268,23.67477265566776
Billy_Traber,Starting_Pitcher,1.9558,92.98636,24.309183042383626
Tim_Redding,Starting_Pitcher,1.8288,90.7184,27.12457585408998
John_Patterson,Starting_Pitcher,1.9558,94.347136,24.66492718446729
Shawn_Hill,Starting_Pitcher,1.8796,83.91452,23.75233128844636
Joel_Hanrahan,Starting_Pitcher,1.905,97.52228,26.872859790164025
Mike_O'Connor,Starting_Pitcher,1.905,77.11064,21.24830774105993
Emiliano_Fruto,Relief_Pitcher,1.905,106.59412,29.37266070087696
Chris_Schroder,Relief_Pitcher,1.905,95.25431999999999,26.24790956248579
Brett_Campbell,Relief_Pitcher,1.8288,77.11064,23.055889475976485
Beltran_Perez,Relief_Pitcher,1.8796,81.64656,23.11037638875862
Levale_Speigner,Relief_Pitcher,1.8034,77.11064,23.709924825126386
Jason_Bergmann,Relief_Pitcher,1.9304,86.18248,23.127269938750405
Saul_Rivera,Relief_Pitcher,1.8034,68.0388,20.92052190452328
Chris_Booker,Relief_Pitcher,1.905,104.32616,28.747710473198726
Micah_Bowie,Relief_Pitcher,1.9304,92.079176,24.70966209245438
Jon_Rauch,Relief_Pitcher,2.1082,117.93392,26.53475709041707
Jerome_Williams,Relief_Pitcher,1.905,111.583632,30.74755120176907
Luis_Ayala,Relief_Pitcher,1.8796,84.368112,23.88072226838391
Ryan_Wagner,Relief_Pitcher,1.9304,95.25431999999999,25.561719405987287
Chad_Cordero,Relief_Pitcher,1.8288,89.811216,26.85333009554908
Humberto_Cota,Catcher,1.8288,95.25431999999999,28.48080464679448
Ronny_Paulino,Catcher,1.905,97.52228,26.872859790164025
Adam_LaRoche,First_Baseman,1.905,81.64656,22.498208196416392
Ryan_Doumit,First_Baseman,1.8288,90.7184,27.12457585408998
Brad_Eldred,First_Baseman,1.9558,111.13004,29.052438270165794
Jose_Castillo,Second_Baseman,1.8541999999999998,90.7184,26.386526783186806
Jack_Wilson,Shortstop,1.8288,87.089664,26.03959281992638
Freddy_Sanchez,Third_Baseman,1.778,87.089664,27.548826362958845
Jason_Bay,Outfielder,1.8796,90.7184,25.67819598750958
Jose_Bautista,Outfielder,1.8288,87.089664,26.03959281992638
Xavier_Nady,Outfielder,1.8796,92.98636,26.32015088719732
Jody_Gerut,Outfielder,1.8288,86.18248,25.76834706138548
Nate_McLouth,Outfielder,1.8034,84.368112,25.941447161608867
Chris_Duffy,Outfielder,1.778,77.11064,24.392190008869814
Rajai_Davis,Outfielder,1.8034,89.357624,27.475618767940574
Shane_Youman,Starting_Pitcher,1.9304,99.336648,26.65722166624389
Yoslan_Herrera,Starting_Pitcher,1.8796,90.7184,25.67819598750958
Josh_Shortslef,Starting_Pitcher,1.9304,99.79024,26.77894413960573
Zach_Duke,Starting_Pitcher,1.8796,93.893544,26.576932847072417
Paul_Maholm,Starting_Pitcher,1.8796,102.0582,28.887970485948276
Tom_Gorzelanny,Starting_Pitcher,1.8796,93.893544,26.576932847072417
Shawn_Chacon,Starting_Pitcher,1.905,96.161504,26.497889653557085
Tony_Armas_Jr.,Starting_Pitcher,1.905,102.0582,28.122760245520492
Ian_Snell,Starting_Pitcher,1.8034,77.11064,23.709924825126386
Sean_Burnett,Starting_Pitcher,1.8034,86.18248,26.499327745729488
John_Grabow,Relief_Pitcher,1.8796,95.25431999999999,26.962105786885058
Marty_McLeary,Relief_Pitcher,1.9558,104.32616,27.273717559747485
Salomon_Torres,Relief_Pitcher,1.8034,95.25431999999999,29.28873066633259
Damaso_Marte,Relief_Pitcher,1.8796,90.7184,25.67819598750958
Matt_Capps,Relief_Pitcher,1.905,107.954896,29.7476308374839
Josh_Sharpless,Relief_Pitcher,1.9558,106.140528,27.7480430825257
Bryan_Bullington,Relief_Pitcher,1.9304,100.697424,27.02238908632942
Jonah_Bayliss,Relief_Pitcher,1.8796,90.7184,25.67819598750958
Brian_Rogers,Relief_Pitcher,1.9304,86.18248,23.127269938750405
Juan_Perez,Relief_Pitcher,1.8288,77.11064,23.055889475976485
Bengie_Molina,Catcher,1.8034,99.79024,30.683432126634145
Eliezer_Alfonzo,Catcher,1.8288,101.151016,30.243902077310327
Lance_Niekro,First_Baseman,1.905,95.25431999999999,26.24790956248579
Mark_Sweeney,First_Baseman,1.8541999999999998,97.52228,28.365516291925815
Ray_Durham,Second_Baseman,1.7271999999999998,88.904032,29.80136790723409
Kevin_Frandsen,Second_Baseman,1.8288,79.3786,23.734003872328735
Omar_Vizquel,Shortstop,1.7526,79.3786,25.842696087828642
Rich_Aurilia,Third_Baseman,1.8541999999999998,85.728888,24.93526781011153
Pedro_Feliz,Third_Baseman,1.8541999999999998,92.98636,27.046189952766476
Todd_Linden,Outfielder,1.905,95.25431999999999,26.24790956248579
Dave_Roberts,Outfielder,1.778,81.64656,25.827024715273918
Jason_Ellison,Outfielder,1.778,81.64656,25.827024715273918
Randy_Winn,Outfielder,1.8796,89.357624,25.293023047696938
Ryan_Klesko,Outfielder,1.905,99.79024,27.49781001784226
Barry_Bonds,Outfielder,1.8796,103.418976,29.27314342576092
Fred_Lewis,Outfielder,1.8796,86.18248,24.3942861881341
Kelyn_Acosta,Starting_Pitcher,1.8541999999999998,92.532768,26.91425731885054
Jonathan_Sanchez,Starting_Pitcher,1.8796,74.84268,21.1845116896954
Matt_Cain,Starting_Pitcher,1.905,97.975872,26.99784983569967
Matt_Morris,Starting_Pitcher,1.9558,99.79024,26.08790375280194
Russ_Ortiz,Starting_Pitcher,1.8541999999999998,94.347136,27.441987854514277
Noah_Lowry,Starting_Pitcher,1.8796,95.25431999999999,26.962105786885058
Barry_Zito,Starting_Pitcher,1.9304,97.52228,26.17033177279651
Vinnie_Chulk,Relief_Pitcher,1.8796,88.45044,25.03624108782184
Kevin_Correia,Relief_Pitcher,1.905,90.7184,24.998009107129327
Steve_Kline,Relief_Pitcher,1.8541999999999998,97.52228,28.365516291925815
Armando_Benitez,Relief_Pitcher,1.9304,103.872568,27.874446399862332
Scott_Munter,Relief_Pitcher,1.9811999999999999,108.86207999999999,27.734477559684905
Jack_Taschner,Relief_Pitcher,1.905,93.893544,25.872939425878855
Brian_Wilson,Relief_Pitcher,1.8541999999999998,92.98636,27.046189952766476
Merkin_Valdez,Relief_Pitcher,1.9558,94.347136,24.66492718446729
Brad_Hennessey,Relief_Pitcher,1.8796,83.91452,23.75233128844636
Billy_Sadler,Relief_Pitcher,1.8288,86.18248,25.76834706138548
Pat_Misch,Relief_Pitcher,1.8796,77.11064,21.826466589383145
Gary_Bennett,Catcher,1.8288,94.347136,28.209558888253582
Yadier_Molina,Catcher,1.8034,102.0582,31.380782856784922
John_Nelson,First_Baseman,1.8541999999999998,86.18248,25.067200444027463
Albert_Pujols,First_Baseman,1.905,102.0582,28.122760245520492
Adam_Kennedy,Second_Baseman,1.8541999999999998,83.91452,24.407537274447794
Aaron_Miles,Second_Baseman,1.7018,81.64656,28.191673224513742
David_Eckstein,Shortstop,1.7018,74.84268,25.842367122470936
Scott_Rolen,Third_Baseman,1.9304,108.86207999999999,29.213393606842615
Scott_Spiezio,Third_Baseman,1.8796,99.79024,28.246015586260537
Jim_Edmonds,Outfielder,1.8541999999999998,96.161504,27.96971839017801
So_Taguchi,Outfielder,1.778,73.935496,23.38780571438694
Juan_Encarnacion,Outfielder,1.905,97.52228,26.872859790164025
Skip_Schumaker,Outfielder,1.778,79.3786,25.109607362071866
John_Rodriguez,Outfielder,1.8288,92.98636,27.802690250442232
Chris_Duncan,Outfielder,1.9558,95.25431999999999,24.902089945856396
Adam_Wainwright,Starting_Pitcher,2.0065999999999997,92.98636,23.093918644174423
Mark_Mulder,Starting_Pitcher,1.9811999999999999,94.347136,24.036547218393586
Anthony_Reyes,Starting_Pitcher,1.8796,97.52228,27.604060686572797
Ryan_Franklin,Starting_Pitcher,1.905,81.64656,22.498208196416392
Kip_Wells,Starting_Pitcher,1.905,90.7184,24.998009107129327
Chris_Carpenter,Starting_Pitcher,1.9811999999999999,104.32616,26.578874328031368
Russ_Springer,Relief_Pitcher,1.9304,95.707912,25.683441879349132
Jason_Isringhausen,Relief_Pitcher,1.905,104.32616,28.747710473198726
Ricardo_Rincon,Relief_Pitcher,1.7526,86.18248,28.057784323928235
Braden_Looper,Relief_Pitcher,1.905,99.79024,27.49781001784226
Randy_Flores,Relief_Pitcher,1.8288,81.64656,24.41211826868098
Josh_Hancock,Relief_Pitcher,1.905,92.98636,25.62295933480756
Brad_Thompson,Relief_Pitcher,1.8541999999999998,86.18248,25.067200444027463
Tyler_Johnson,Relief_Pitcher,1.8796,81.64656,23.11037638875862
Chris_Narveson,Relief_Pitcher,1.905,92.98636,25.62295933480756
Randy_Keisler,Relief_Pitcher,1.905,86.18248,23.74810865177286
Josh_Kinney,Relief_Pitcher,1.8541999999999998,88.45044,25.726863613607133
